{
  "attempt_id": "20260517T181200-2113ca39",
  "harness": "claude",
  "model": "haiku",
  "tokens": 35324,
  "input_tokens": 415,
  "cached_tokens": 5823893,
  "cache_hit_rate": 0.999928746900061,
  "output_tokens": 34909,
  "cost_usd": 0.8632825499999999
}