{
  "attempt_id": "20260517T182040-aff3a4c2",
  "harness": "claude",
  "model": "haiku",
  "tokens": 14893,
  "input_tokens": 480,
  "cached_tokens": 5103065,
  "cache_hit_rate": 0.9999059477284907,
  "output_tokens": 14413,
  "cost_usd": 0.6581574999999998
}