{
  "attempt_id": "20260518T013652-2344d0e4",
  "harness": "claude",
  "model": "haiku",
  "tokens": 38610,
  "input_tokens": 2272,
  "cached_tokens": 9831338,
  "cache_hit_rate": 0.9997689556531121,
  "output_tokens": 36338,
  "cost_usd": 1.2968508000000003
}