{
  "attempt_id": "20260517T181939-8ce2c4e3",
  "harness": "claude",
  "model": "haiku",
  "tokens": 1750,
  "input_tokens": 51,
  "cached_tokens": 901022,
  "cache_hit_rate": 0.9999434008121428,
  "output_tokens": 1699,
  "cost_usd": 1.4356994999999997
}