{
  "attempt_id": "20260517T181414-047b23d3",
  "harness": "claude",
  "model": "haiku",
  "tokens": 4013,
  "input_tokens": 72,
  "cached_tokens": 535286,
  "cache_hit_rate": 0.9998655105555535,
  "output_tokens": 3941,
  "cost_usd": 0.10266285
}