{
  "attempt_id": "20260517T194535-38f22384",
  "harness": "claude",
  "model": "haiku",
  "tokens": 26876,
  "input_tokens": 758,
  "cached_tokens": 12149567,
  "cache_hit_rate": 0.9999376148374632,
  "output_tokens": 26118,
  "cost_usd": 1.4738224500000006
}