{
  "attempt_id": "20260517T201632-c6d24c55",
  "harness": "claude",
  "model": "haiku",
  "tokens": 31784,
  "input_tokens": 485,
  "cached_tokens": 8062826,
  "cache_hit_rate": 0.9999398510115758,
  "output_tokens": 31299,
  "cost_usd": 1.09370535
}