{
  "attempt_id": "20260517T211149-40edab14",
  "harness": "claude",
  "model": "haiku",
  "tokens": 37183,
  "input_tokens": 457,
  "cached_tokens": 7257892,
  "cache_hit_rate": 0.9999370380233852,
  "output_tokens": 36726,
  "cost_usd": 1.0440251999999999
}