{
  "attempt_id": "20260517T212215-5cb9b0c2",
  "harness": "claude",
  "model": "haiku",
  "tokens": 30182,
  "input_tokens": 569,
  "cached_tokens": 8437123,
  "cache_hit_rate": 0.9999325644974952,
  "output_tokens": 29613,
  "cost_usd": 1.1185415500000002
}