{
  "attempt_id": "20260517T210318-f73c3271",
  "harness": "claude",
  "model": "haiku",
  "tokens": 51027,
  "input_tokens": 464,
  "cached_tokens": 7157020,
  "cache_hit_rate": 0.9999351727506481,
  "output_tokens": 50563,
  "cost_usd": 1.1087652500000003
}