{
  "attempt_id": "20260517T195128-c2f6a1fd",
  "harness": "claude",
  "model": "haiku",
  "tokens": 3608,
  "input_tokens": 58,
  "cached_tokens": 426231,
  "cache_hit_rate": 0.9998639420674706,
  "output_tokens": 3550,
  "cost_usd": 0.08824710000000001
}