{
  "attempt_id": "20260517T181241-15ca35ba",
  "harness": "claude",
  "model": "haiku",
  "tokens": 3022,
  "input_tokens": 37,
  "cached_tokens": 256183,
  "cache_hit_rate": 0.9998555928498947,
  "output_tokens": 2985,
  "cost_usd": 0.0665068
}