{
  "attempt_id": "20260517T200430-a6602a02",
  "harness": "claude",
  "model": "haiku",
  "tokens": 26672,
  "input_tokens": 562,
  "cached_tokens": 7520359,
  "cache_hit_rate": 0.9999252751092585,
  "output_tokens": 26110,
  "cost_usd": 0.99321115
}