{
  "attempt_id": "20260517T190221-e81d271c",
  "harness": "claude",
  "model": "haiku",
  "tokens": 4045,
  "input_tokens": 93,
  "cached_tokens": 675592,
  "cache_hit_rate": 0.9998623618994058,
  "output_tokens": 3952,
  "cost_usd": 0.1110662
}