{
  "attempt_id": "20260517T182510-ac00c494",
  "harness": "claude",
  "model": "haiku",
  "tokens": 11371,
  "input_tokens": 240,
  "cached_tokens": 2134674,
  "cache_hit_rate": 0.9998875832937533,
  "output_tokens": 11131,
  "cost_usd": 0.31675190000000003
}