{
  "attempt_id": "20260517T201734-3594abbb",
  "harness": "claude",
  "model": "haiku",
  "tokens": 26145,
  "input_tokens": 674,
  "cached_tokens": 11088950,
  "cache_hit_rate": 0.9999392224659736,
  "output_tokens": 25471,
  "cost_usd": 1.3738905000000003
}