{
  "attempt_id": "20260517T202741-1ceb8f24",
  "harness": "claude",
  "model": "haiku",
  "tokens": 2474,
  "input_tokens": 23,
  "cached_tokens": 146875,
  "cache_hit_rate": 0.9998434287737069,
  "output_tokens": 2451,
  "cost_usd": 0.051823499999999995
}