{
  "attempt_id": "20260517T200231-7dea826f",
  "harness": "claude",
  "model": "haiku",
  "tokens": 15844,
  "input_tokens": 1833,
  "cached_tokens": 2734782,
  "cache_hit_rate": 0.9993301944190176,
  "output_tokens": 14011,
  "cost_usd": 0.40478195
}