{
  "attempt_id": "20260518T012857-f09024e4",
  "harness": "claude",
  "model": "haiku",
  "tokens": 34148,
  "input_tokens": 499,
  "cached_tokens": 5707911,
  "cache_hit_rate": 0.9999125851156452,
  "output_tokens": 33649,
  "cost_usd": 0.8243331000000002
}