{
  "attempt_id": "20260517T205920-f9a8b271",
  "harness": "claude",
  "model": "haiku",
  "tokens": 15517,
  "input_tokens": 450,
  "cached_tokens": 4180667,
  "cache_hit_rate": 0.9998923732581508,
  "output_tokens": 15067,
  "cost_usd": 0.5723059500000002
}