{
  "attempt_id": "20260517T193754-6c224bee",
  "harness": "claude",
  "model": "haiku",
  "tokens": 146,
  "input_tokens": 9,
  "cached_tokens": 118278,
  "cache_hit_rate": 0.9999239138705014,
  "output_tokens": 137,
  "cost_usd": 0.8515921499999998
}